{ "vehicles":[ 
  {"name": "Ciaz Diesel SHVS", "year": "2016","make": "Maruti", "model": "VDi","desc":"Maruti’s mid-size sedan offering, the Ciaz sits at the top of the Best Mileage Cars in India list. It is the most fuel-efficient sedan on sale in India. The Ciaz Diesel has an ARAI certified mileage of 28.09 kmpl. These figures are better than the Honda City. No surprise, then, that the Ciaz has even outsold the City. The Ciaz has been a really successful model for Maruti Suzuki."},
   {"name": "Celerio Diesel DDiS", "year": "2017","make": "Maruti Udoyg ", "model": "VXi ATS","desc":"The Maruti Celerio Diesel has a 2 cylinder, 793cc diesel motor. It returns a very healthy 27.62 kmpl. This makes it one of the best mileage cars in India. The engine produces just 47 bhp of power and 125 Nm torque. Based on our experience with the Celerio diesel we can say that although that claim is not entirely unsubstantiated, the lack of power is evident past the 80 km/h mark. And then there are the NVH levels which are not very car like."},
   {"name": "Baleno Diesel", "year": "2016","make": "Maruti Nexa", "model": "ZDi","desc":"Rounding off the top three spots in our list of the best mileage cars in India is another Maruti. The Baleno shares its engine with the Swift/Dzire. However, it returns a higher mileage of 27.39 kpl. This is thanks to a lower kerb weight. The car is marketed as a premium hatchback and is sold through the new Nexa sales channel. It was been very well received by the Indian car buying lot as evident from its strongly monthly sales and a waiting period of around 6 months."}
  ]
}